ID,Title,Review,Date,Rating,Source,Reviewer,Sentiment,Sentiment_Category
37c0e822-4357-419d-8baf-463fb062c673,Highly recommended,Not satisfied with the build quality.,2025-03-18,2,BestBuy Canada,User_5007,Negative,Poor Quality / Usability (Neg)
f4589599-43ef-41bd-942c-693d14d17390,Worth buying,Connectivity drops sometimes which is annoying.,2025-05-29,5,BestBuy Canada,User_8410,Positive,Good Design Quality (Pos)
5f521dc8-5573-45d5-8218-0090261f0364,Amazing performance,Very durable and premium feel.,2025-11-15,4,BestBuy Canada,User_9352,Positive,Good Design Quality (Pos)
36636ae4-5c3b-4a7a-859c-d502709220f2,Excellent Product,It is overpriced for the features provided.,2025-09-28,1,BestBuy Canada,User_9868,Negative,Poor Quality / Usability (Neg)
9d78aabb-c8ac-4ee3-8686-ae57ef707f29,Highly recommended,Not satisfied with the build quality.,2026-01-06,1,BestBuy Canada,User_3389,Negative,Poor Quality / Usability (Neg)
67f77539-9726-42e3-88c8-5d53401d6ba9,Battery could be better,Works as advertised and easy to use.,2025-05-14,3,BestBuy Canada,User_7320,Neutral,Satisfactory / Recommended (Pos)
8498348b-13aa-451d-8455-4472c03ee7ce,Highly recommended,Battery life is impressive and lasts long.,2025-11-16,4,BestBuy Canada,User_8926,Positive,Good Design Quality (Pos)
65157ee0-21de-4809-9173-690026695bcc,Superb quality,Average performance but decent value.,2025-10-21,3,BestBuy Canada,User_5524,Neutral,Satisfactory / Recommended (Pos)
c17b73e6-2474-40a7-ab52-5dccb071d704,Excellent Product,Exceeded my expectations in every way.,2025-12-12,4,BestBuy Canada,User_6361,Positive,Good Design Quality (Pos)
c1cc62c9-3002-4f06-bf60-eb12f112286f,Excellent Product,Works as advertised and easy to use.,2025-03-31,3,BestBuy Canada,User_5481,Neutral,Satisfactory / Recommended (Pos)
bc5efd3d-eced-457b-9ab9-da906c59cf73,Worth buying,Battery life is impressive and lasts long.,2025-07-17,1,BestBuy Canada,User_9482,Negative,Poor Quality / Usability (Neg)
ca26a573-204a-4295-9bf1-739ec3e2bf91,Average experience,Exceeded my expectations in every way.,2025-07-15,3,BestBuy Canada,User_6153,Neutral,Satisfactory / Recommended (Pos)
518465cb-f480-490d-a550-2e76149e56e5,Excellent Product,Exceeded my expectations in every way.,2025-03-03,3,BestBuy Canada,User_6468,Neutral,Satisfactory / Recommended (Pos)
3472cabd-9b25-4c4f-b38f-c63ff5d9cae1,Worth buying,It is overpriced for the features provided.,2025-11-01,1,BestBuy Canada,User_6141,Negative,Poor Quality / Usability (Neg)
fcca8f6f-b877-4d9f-b9a6-301219f5023d,Highly recommended,Battery life is impressive and lasts long.,2025-08-08,1,BestBuy Canada,User_6432,Negative,Poor Quality / Usability (Neg)
23e1db40-3123-4feb-bf02-095f8eb53b15,Superb quality,Battery life is impressive and lasts long.,2025-04-25,3,BestBuy Canada,User_8236,Neutral,Satisfactory / Recommended (Pos)
1bd02d48-4414-426f-9808-faf69f4f7799,Worth buying,It is overpriced for the features provided.,2025-06-09,1,BestBuy Canada,User_1872,Negative,Poor Quality / Usability (Neg)
7064eedb-a1a3-489c-b4a6-b98bafb371bd,Amazing performance,Average performance but decent value.,2025-12-30,5,BestBuy Canada,User_3600,Positive,Good Design Quality (Pos)
22df6fa4-39d2-4d20-8f0f-4bdc8e2f8455,Battery could be better,Exceeded my expectations in every way.,2025-06-25,3,BestBuy Canada,User_7108,Neutral,Satisfactory / Recommended (Pos)
eee96769-d957-4978-a42f-7d9beac4136d,Superb quality,It is overpriced for the features provided.,2025-10-29,4,BestBuy Canada,User_3194,Positive,Good Design Quality (Pos)
b7dda870-9a3f-4872-9fea-3832a877b740,Battery could be better,Connectivity drops sometimes which is annoying.,2025-04-01,5,BestBuy Canada,User_5417,Positive,Good Design Quality (Pos)
3a2d7246-36ae-437d-9424-35499a193fe2,Not worth the price,I love the design and comfort. Totally worth it.,2025-10-27,4,BestBuy Canada,User_3101,Positive,Good Design Quality (Pos)
ebf3408f-66a3-40ab-9e07-6be04b3c8d2e,Not worth the price,Average performance but decent value.,2025-09-29,1,BestBuy Canada,User_9460,Negative,Poor Quality / Usability (Neg)
8a2716a5-315c-44a9-a53c-38f082dba8a1,Average experience,Exceeded my expectations in every way.,2025-04-21,2,BestBuy Canada,User_3541,Negative,Poor Quality / Usability (Neg)
3054767a-faf9-44e6-ade5-b655b5028867,Battery could be better,I love the design and comfort. Totally worth it.,2025-05-02,2,BestBuy Canada,User_4483,Negative,Poor Quality / Usability (Neg)
95a7ea24-91a5-46cc-9037-5c3db6e9d3b3,Not worth the price,Very durable and premium feel.,2025-12-04,2,BestBuy Canada,User_5032,Negative,Poor Quality / Usability (Neg)
78bf9453-5712-4b7c-ab00-6654ffe0651b,Average experience,Not satisfied with the build quality.,2025-10-06,1,BestBuy Canada,User_4815,Negative,Poor Quality / Usability (Neg)
ce79b8fb-52d7-406b-a918-2c9a52d20610,Highly recommended,Exceeded my expectations in every way.,2025-03-05,3,BestBuy Canada,User_9947,Neutral,Satisfactory / Recommended (Pos)
6de3fdb7-0a07-4f83-8942-ed4426a0c5ec,Battery could be better,It is overpriced for the features provided.,2025-05-07,3,BestBuy Canada,User_8387,Neutral,Satisfactory / Recommended (Pos)
281ecc9e-d82d-4b71-9b7d-b13fd0af05eb,Not worth the price,Average performance but decent value.,2025-06-10,4,BestBuy Canada,User_2275,Positive,Good Design Quality (Pos)
74f6d2a3-301d-49b4-96c1-c84de59ab20b,Connectivity issues,Very durable and premium feel.,2025-07-30,2,BestBuy Canada,User_9678,Negative,Poor Quality / Usability (Neg)
2d3cd9d6-dd37-4951-ba4c-687f1da20459,Amazing performance,Not satisfied with the build quality.,2025-06-20,1,BestBuy Canada,User_2128,Negative,Poor Quality / Usability (Neg)
35a4f9e8-f08c-4aff-85ca-fcec5b113e55,Very Satisfied,Battery life is impressive and lasts long.,2025-08-23,1,BestBuy Canada,User_6599,Negative,Poor Quality / Usability (Neg)
9d2a42ee-1749-4f83-9e21-a3e416468bdd,Battery could be better,Battery life is impressive and lasts long.,2025-11-06,2,BestBuy Canada,User_9883,Negative,Poor Quality / Usability (Neg)
16798a62-fe5f-40f9-9bdb-9d05b143f23c,Very Satisfied,Very durable and premium feel.,2026-01-04,5,BestBuy Canada,User_3964,Positive,Good Design Quality (Pos)
c6bdbbda-e69d-4e65-aaef-c542d21cda04,Connectivity issues,I love the design and comfort. Totally worth it.,2025-12-23,2,BestBuy Canada,User_3012,Negative,Poor Quality / Usability (Neg)
dd1b7138-81e8-430f-b79a-13b41ecba5dc,Average experience,Very durable and premium feel.,2025-02-23,4,BestBuy Canada,User_5723,Positive,Good Design Quality (Pos)
dbf2ac07-c8ee-4582-ae85-70965230e231,Worth buying,Exceeded my expectations in every way.,2025-03-29,3,BestBuy Canada,User_5104,Neutral,Satisfactory / Recommended (Pos)
fb720afa-bd58-44c3-891e-e0810cc2185e,Connectivity issues,The product quality is excellent and works perfectly.,2025-05-23,5,BestBuy Canada,User_3296,Positive,Good Design Quality (Pos)
2b99df54-ab50-421a-b97e-0980392940e6,Not worth the price,Very durable and premium feel.,2025-08-24,5,BestBuy Canada,User_8243,Positive,Good Design Quality (Pos)
50f08f0c-5be2-454b-9f16-12aa7a3ce401,Excellent Product,Exceeded my expectations in every way.,2025-11-01,3,BestBuy Canada,User_1444,Neutral,Satisfactory / Recommended (Pos)
3dd72cd1-fb8e-4123-bf15-143ec3534c35,Very Satisfied,Not satisfied with the build quality.,2026-01-29,4,BestBuy Canada,User_3287,Positive,Good Design Quality (Pos)
6825ecc4-25d1-4b49-b15a-cd9a7e3da915,Very Satisfied,Exceeded my expectations in every way.,2025-10-14,5,BestBuy Canada,User_6303,Positive,Good Design Quality (Pos)
52850ef6-a5d3-41fe-b7ea-4b905cd49f0d,Very Satisfied,Average performance but decent value.,2025-03-17,3,BestBuy Canada,User_5346,Neutral,Satisfactory / Recommended (Pos)
b640f54d-d75d-4d5a-aaba-43168c4ebde7,Highly recommended,Very durable and premium feel.,2025-08-27,3,BestBuy Canada,User_4097,Neutral,Satisfactory / Recommended (Pos)
7d4136e1-a9c5-49f8-a617-d11d33adc4d5,Battery could be better,Connectivity drops sometimes which is annoying.,2026-02-06,1,BestBuy Canada,User_6209,Negative,Poor Quality / Usability (Neg)
87130b85-0062-41b0-8491-f9240f2679b7,Very Satisfied,Average performance but decent value.,2026-01-13,3,BestBuy Canada,User_4197,Neutral,Satisfactory / Recommended (Pos)
83bc3ddf-10c0-4932-9671-23e0fd53fcef,Battery could be better,Average performance but decent value.,2025-05-02,4,BestBuy Canada,User_9459,Positive,Good Design Quality (Pos)
d4c4363e-f925-46aa-869a-901733989070,Average experience,The product quality is excellent and works perfectly.,2025-11-15,5,BestBuy Canada,User_9659,Positive,Good Design Quality (Pos)
a4e2f697-097d-41c9-bbb4-7be432c207ad,Average experience,Battery life is impressive and lasts long.,2025-03-28,3,BestBuy Canada,User_6250,Neutral,Satisfactory / Recommended (Pos)
5fc63bb7-dd0f-43b3-8ef6-90bfd6dc14e0,Worth buying,Very durable and premium feel.,2025-11-16,5,BestBuy Canada,User_7989,Positive,Good Design Quality (Pos)
ddacdca0-9b87-491f-bdd6-fd4e96bfec67,Average experience,Connectivity drops sometimes which is annoying.,2026-01-14,4,BestBuy Canada,User_6964,Positive,Good Design Quality (Pos)
562f6d2a-878b-448f-9d1a-a4893e5553fc,Amazing performance,Connectivity drops sometimes which is annoying.,2025-05-06,4,BestBuy Canada,User_3792,Positive,Good Design Quality (Pos)
2d00f7fe-d2c4-4f2d-bf7e-0665293d1772,Battery could be better,Battery life is impressive and lasts long.,2025-06-05,3,BestBuy Canada,User_3781,Neutral,Satisfactory / Recommended (Pos)
7696d890-3893-4299-8090-e74a5536820f,Average experience,Works as advertised and easy to use.,2025-07-06,2,BestBuy Canada,User_3612,Negative,Poor Quality / Usability (Neg)
9fc784b5-4d69-4dcd-a504-ae267110ebe6,Highly recommended,Connectivity drops sometimes which is annoying.,2025-04-10,3,BestBuy Canada,User_7512,Neutral,Satisfactory / Recommended (Pos)
3b13b2d3-3bd2-4ce7-ba81-1e12ebbeb348,Highly recommended,Not satisfied with the build quality.,2025-11-17,3,BestBuy Canada,User_7111,Neutral,Satisfactory / Recommended (Pos)
3a909a55-6666-4bfb-83b0-80449331ff6d,Very Satisfied,It is overpriced for the features provided.,2025-12-20,1,BestBuy Canada,User_2672,Negative,Poor Quality / Usability (Neg)
a82fb1c7-707b-46ee-bb97-4f7c8127ac5d,Not worth the price,Average performance but decent value.,2025-07-02,4,BestBuy Canada,User_9159,Positive,Good Design Quality (Pos)
c9ae9ed9-9e44-4f27-86f3-e64845751f4a,Very Satisfied,Not satisfied with the build quality.,2025-02-19,5,BestBuy Canada,User_2425,Positive,Good Design Quality (Pos)
64452cf6-2bf4-41dc-8de5-f55d6662cc4a,Very Satisfied,Connectivity drops sometimes which is annoying.,2025-06-17,5,BestBuy Canada,User_5330,Positive,Good Design Quality (Pos)
9145932c-1ccf-4fd7-9a41-afdad2896289,Amazing performance,It is overpriced for the features provided.,2025-04-24,3,BestBuy Canada,User_5503,Neutral,Satisfactory / Recommended (Pos)
e3f25489-cf9e-4b02-a78a-916d4342bcf3,Worth buying,Exceeded my expectations in every way.,2025-07-31,4,BestBuy Canada,User_5106,Positive,Good Design Quality (Pos)
66caa22b-ca5e-4c03-ab8b-808b2cfbe063,Battery could be better,Exceeded my expectations in every way.,2025-03-23,3,BestBuy Canada,User_2172,Neutral,Satisfactory / Recommended (Pos)
e12d562a-ab32-4366-a48a-799501de57de,Worth buying,It is overpriced for the features provided.,2025-07-12,3,BestBuy Canada,User_7490,Neutral,Satisfactory / Recommended (Pos)
22f7a4c9-1d88-4848-a3aa-cfd62748f394,Connectivity issues,Very durable and premium feel.,2025-11-08,1,BestBuy Canada,User_4818,Negative,Poor Quality / Usability (Neg)
8f9b0f1a-fa0e-4432-8304-b96dd77428ed,Average experience,Exceeded my expectations in every way.,2025-11-04,1,BestBuy Canada,User_5654,Negative,Poor Quality / Usability (Neg)
8f9d819e-7b16-45e5-9064-a7c693f24d1c,Connectivity issues,Connectivity drops sometimes which is annoying.,2025-12-26,4,BestBuy Canada,User_4020,Positive,Good Design Quality (Pos)
0be2819f-2c93-488e-b113-a0433563a3c9,Worth buying,Exceeded my expectations in every way.,2025-07-30,2,BestBuy Canada,User_6155,Negative,Poor Quality / Usability (Neg)
27bb5cb0-96cc-4601-b525-98550ca31d6b,Connectivity issues,It is overpriced for the features provided.,2025-07-23,1,BestBuy Canada,User_6538,Negative,Poor Quality / Usability (Neg)
5751fbec-b7f3-4282-8eaa-9f22670974fb,Highly recommended,The product quality is excellent and works perfectly.,2025-05-26,1,BestBuy Canada,User_8128,Negative,Poor Quality / Usability (Neg)
f8e1f201-6c73-4fe5-a850-e29ea5922731,Highly recommended,Works as advertised and easy to use.,2026-01-21,1,BestBuy Canada,User_7558,Negative,Poor Quality / Usability (Neg)
2e72a2b7-16f7-4dee-8fd5-1a0a6d05b083,Not worth the price,Average performance but decent value.,2025-03-18,1,BestBuy Canada,User_2930,Negative,Poor Quality / Usability (Neg)
234eb432-4b48-41f6-972f-f06e0ec52717,Connectivity issues,Very durable and premium feel.,2025-03-04,2,BestBuy Canada,User_7322,Negative,Poor Quality / Usability (Neg)
f94adb86-df83-4925-8bdf-63fa954db8ff,Average experience,The product quality is excellent and works perfectly.,2025-10-06,2,BestBuy Canada,User_5734,Negative,Poor Quality / Usability (Neg)
6e43e4d4-9e1a-40d6-af5e-6287ec2c408a,Superb quality,I love the design and comfort. Totally worth it.,2025-05-13,5,BestBuy Canada,User_1431,Positive,Good Design Quality (Pos)
36ef4a07-f5c5-49fe-916d-ea35b068c0d1,Very Satisfied,It is overpriced for the features provided.,2025-10-26,3,BestBuy Canada,User_8637,Neutral,Satisfactory / Recommended (Pos)
31667127-853a-4cd7-a580-c3cc6059f5c2,Excellent Product,Not satisfied with the build quality.,2025-11-07,4,BestBuy Canada,User_1559,Positive,Good Design Quality (Pos)
bfdd0d4e-f011-47da-9add-171f6205b480,Not worth the price,Battery life is impressive and lasts long.,2025-11-27,2,BestBuy Canada,User_7530,Negative,Poor Quality / Usability (Neg)
ca3659fa-b69c-4434-bcd8-9cab15e73f59,Amazing performance,Exceeded my expectations in every way.,2025-09-22,4,BestBuy Canada,User_7483,Positive,Good Design Quality (Pos)
0b993a1f-0582-4ec5-9a38-40ba4770dfc2,Battery could be better,Connectivity drops sometimes which is annoying.,2025-11-24,3,BestBuy Canada,User_1909,Neutral,Satisfactory / Recommended (Pos)
8e0c91d9-3bd9-4c21-9fce-a6fbb315ffeb,Excellent Product,The product quality is excellent and works perfectly.,2025-03-01,3,BestBuy Canada,User_7723,Neutral,Satisfactory / Recommended (Pos)
5c4efcf9-1674-40e8-8e4a-5803583c967d,Not worth the price,Connectivity drops sometimes which is annoying.,2025-07-30,1,BestBuy Canada,User_9079,Negative,Poor Quality / Usability (Neg)
4b45a259-bb32-4e16-aa68-1cbc2c876c6c,Worth buying,Exceeded my expectations in every way.,2025-11-09,4,BestBuy Canada,User_9427,Positive,Good Design Quality (Pos)
30dd12fe-7ce9-431f-a6b1-bc89d2555dac,Excellent Product,Not satisfied with the build quality.,2026-02-09,5,BestBuy Canada,User_3255,Positive,Good Design Quality (Pos)
edd41c86-c9da-487a-b3ef-acb5ce117537,Battery could be better,Very durable and premium feel.,2026-01-07,5,BestBuy Canada,User_4238,Positive,Good Design Quality (Pos)
28c53ca7-d7eb-49ba-a450-3f8d9b6c1574,Highly recommended,Average performance but decent value.,2026-01-22,3,BestBuy Canada,User_7377,Neutral,Satisfactory / Recommended (Pos)
9b3d47be-7908-40cb-9cfc-e6b17c0377ef,Battery could be better,Average performance but decent value.,2025-08-30,3,BestBuy Canada,User_4238,Neutral,Satisfactory / Recommended (Pos)
f335a5be-372f-498e-a2d3-d31f2698048d,Connectivity issues,Works as advertised and easy to use.,2025-11-04,2,BestBuy Canada,User_9808,Negative,Poor Quality / Usability (Neg)
bb2499ee-aacc-43d1-9af3-dbef59cdc8df,Battery could be better,Battery life is impressive and lasts long.,2025-08-06,5,BestBuy Canada,User_1629,Positive,Good Design Quality (Pos)
699ee57a-3fe7-4845-a9b6-603f5ea4d05a,Battery could be better,Connectivity drops sometimes which is annoying.,2025-07-04,1,BestBuy Canada,User_9625,Negative,Poor Quality / Usability (Neg)
1f61e953-4461-4430-90af-a9d64304304a,Battery could be better,Not satisfied with the build quality.,2025-09-20,1,BestBuy Canada,User_3328,Negative,Poor Quality / Usability (Neg)
b1bd3460-842d-4c26-b32b-f7b9e343a380,Excellent Product,It is overpriced for the features provided.,2025-12-26,5,BestBuy Canada,User_7595,Positive,Good Design Quality (Pos)
bc39782b-4aee-4311-9687-d6c5a0669e06,Excellent Product,It is overpriced for the features provided.,2025-02-20,3,BestBuy Canada,User_1673,Neutral,Satisfactory / Recommended (Pos)
5136cd4a-87fe-41a2-b345-67a13942deca,Superb quality,Average performance but decent value.,2025-05-31,1,BestBuy Canada,User_1406,Negative,Poor Quality / Usability (Neg)
bb529772-7f86-4888-89bd-f93f7e5f8484,Amazing performance,Exceeded my expectations in every way.,2025-08-18,3,BestBuy Canada,User_6288,Neutral,Satisfactory / Recommended (Pos)
457f84f6-309b-4358-a7b3-f51f731f39eb,Worth buying,The product quality is excellent and works perfectly.,2025-05-06,5,BestBuy Canada,User_6878,Positive,Good Design Quality (Pos)
d61d8290-4716-4635-a3db-185d33d6a623,Highly recommended,Connectivity drops sometimes which is annoying.,2025-06-29,5,BestBuy Canada,User_6345,Positive,Good Design Quality (Pos)
46327da2-1636-426c-b8b9-ccb043ed1e1f,Highly recommended,It is overpriced for the features provided.,2025-12-17,5,BestBuy Canada,User_6610,Positive,Good Design Quality (Pos)
aa2926ec-00ac-4e03-aa3e-e57c99367efb,Amazing performance,Battery life is impressive and lasts long.,2025-11-19,1,BestBuy Canada,User_3195,Negative,Poor Quality / Usability (Neg)
